[
    {
        "id": 1,
        "date": "4 November 2021 - 6 November 2021"
    },
    {
        "id": 2,
        "date": "7 November 2021 - 11 November 2021"
    },
    {
        "id": 3,
        "date": "12 November 2021 - 14 November 2021"
    },
    {
        "id": 4,
        "date": "14 November 2021 - 17 November 2021"
    },
    {
        "id": 5,
        "date": "25 November 2021 - 26 November 2021"
    },
    {
        "id": 6,
        "date": "26 November 2021 - 27 November 2021"
    }
]