[
    {
        "id": 379593480,
        "firstname": "Frances",
        "lastname": "Maisey"
    }, 
    {
        "id": 240831410,
        "firstname": "Jan",
        "lastname": "Angelis"
    },
    {
        "id": 237453612,
        "firstname": "Antonietta",
        "lastname": "Revkah"
    }, 
    {
        "id": 213833477,
        "firstname": "Nollie",
        "lastname": "Beniamino"
    },
    {
        "id": 391061707,
        "firstname": "Lilith",
        "lastname": "Terrence"
    },
    {
        "id": 233618388,
        "firstname": "Marsiella",
        "lastname": "Gombach"
    },
    {
        "id": 379470133,
        "firstname": "Mamie",
        "lastname": "Neva"
    }, 
    {
        "id": 389773686,
        "firstname": "Raquela",
        "lastname": "Durante"
    },
    {
        "id": 279227128,
        "firstname": "Courtnay",
        "lastname": "Pacorro"
    },
    {
        "id": 238570056,
        "firstname": "Audrie",
        "lastname": "Ranjiv"
    },
    {
        "id": 395825685,
        "firstname": "Ebonee",
        "lastname": "Fadiman"
    },
    {
        "id": 227973734,
        "firstname": "Correy",
        "lastname": "Vacuva"
    },
    {
        "id": 246014727,
        "firstname": "Leontine",
        "lastname": "Madelene"
    },
    {
        "id": 252885281,
        "firstname": "Yolane",
        "lastname": "Edee"
    },
    {
        "id": 279077447,
        "firstname": "Etta",
        "lastname": "Darbie"
    }
]